﻿Designator,Quantity,Value,Footprint,Package,MPN,DNP,Mount_Type,Description,SnapEDA_Link,MAXIMUM_PACKAGE_HEIGHT,Check_prices,STANDARD,PARTREV,MF,MP,Description_1,MANUFACTURER,DigiKey_Part_Number,Price,Availability
D1,1,SS34,D_SMA_Handsoldering,,,,smt,"40V 3A Schottky Diode, SMA",,,,,,,,,,,,
D2,1,SMAJ5.0A,DIOM4325X250N,SMA-2 Taiwan Semiconductor,,,smt,,https://www.snapeda.com/parts/SMAJ5.0A/taiwan/view-part/?ref=snap,2.5 mm,https://www.snapeda.com/parts/SMAJ5.0A/taiwan/view-part/?ref=eda,IPC-7351B,S2102,Taiwan Semiconductor,SMAJ5.0A,"400W, 6.7V, 5%, Unidirectional, TVS",Taiwan Semiconductor,,,
F1,1,Fuse,FUSM4632X85,1812 Bourns,,,smt,,https://www.snapeda.com/parts/MF-MSMF050-2/Bourns/view-part/?ref=snap,,https://www.snapeda.com/parts/MF-MSMF050-2/Bourns/view-part/?ref=eda,,,Bourns,MF-MSMF050-2,"Fuse, Resettable, 100A, Sz 4532, 0.186x0.134x0.033, SMT, 15VDC, DCR 0.15 Ohms | Bourns MF-MSMF050-2",Bourns,MF-MSMF050-2TR-ND,,
J1,1,SolarPanel,JST_XH_B2B-XH-A_1x02_P2.50mm_Vertical,,,,tht,"Generic connector, single row, 01x02, script generated (kicad-library-utils/schlib/autogen/connector/)",,,,,,,,,,,,
J2,1,Battery,JST_XH_B2B-XH-A_1x02_P2.50mm_Vertical,,,,tht,"Generic connector, single row, 01x02, script generated (kicad-library-utils/schlib/autogen/connector/)",,,,,,,,,,,,
J3,1,AJ-SR04M,PinHeader_1x04_P2.54mm_Vertical,,,,tht,"Generic connector, single row, 01x04, script generated (kicad-library-utils/schlib/autogen/connector/)",,,,,,,,,,,,
J4,1,NTC,JST_XH_B2B-XH-A_1x02_P2.50mm_Vertical,,,,tht,"Generic connector, single row, 01x02, script generated (kicad-library-utils/schlib/autogen/connector/)",,,,,,,,,,,,
J5,1,Solar Charger,PinHeader_1x08_P2.54mm_Vertical,,,,tht,"Generic connector, single row, 01x08, script generated (kicad-library-utils/schlib/autogen/connector/)",,,,,,,,,,,,
R1,1,R10k,R_0805_2012Metric_Pad1.20x1.40mm_HandSolder,,,,smt,Resistor,,,,,,,,,,,,
R2,1,R100k,R_0805_2012Metric_Pad1.20x1.40mm_HandSolder,,,,smt,Resistor,,,,,,,,,,,,
U1,1,ESP32-C3_SUPERMINI,MODULE_ESP32-C3_SUPERMINI_SMD,,,,smt,,,4.2mm,,Manufacturer Recommendations,,Espressif Systems,,Super tiny ESP32-C3 board,,,None,Not in stock
