﻿pos_x,pos_y,rotation,side,designator,mpn,pack,footprint,value,mount_type
122.1,-88.475,90.0,top,D1,,,D_SMA_Handsoldering,SS34,smt
128.5,-103.175,90.0,top,D2,,SMA-2 Taiwan Semiconductor,DIOM4325X250N,SMAJ5.0A,smt
129.0,-88.475,90.0,top,F1,,1812 Bourns,FUSM4632X85,Fuse,smt
137.25,-74.425,180.0,top,J1,,,JST_XH_B2B-XH-A_1x02_P2.50mm_Vertical,SolarPanel,tht
147.2,-74.3,180.0,top,J2,,,JST_XH_B2B-XH-A_1x02_P2.50mm_Vertical,Battery,tht
142.29,-100.95,90.0,top,J3,,,PinHeader_1x04_P2.54mm_Vertical,AJ-SR04M,tht
156.6,-74.4,180.0,top,J4,,,JST_XH_B2B-XH-A_1x02_P2.50mm_Vertical,NTC,tht
137.21,-105.9,90.0,top,J5,,,PinHeader_1x08_P2.54mm_Vertical,Solar Charger,tht
163.8,-92.2,0.0,top,R1,,,R_0805_2012Metric_Pad1.20x1.40mm_HandSolder,R10k,smt
163.8,-80.9,0.0,top,R2,,,R_0805_2012Metric_Pad1.20x1.40mm_HandSolder,R100k,smt
146.1,-88.475,90.0,top,U1,,,MODULE_ESP32-C3_SUPERMINI_SMD,ESP32-C3_SUPERMINI,smt
